{"episode_rewards": [-46.98720280193945, -40.09744384771816, -44.496930400989065, -44.88884881003122, -44.31394911837678, -48.07158871581932, -46.35989509744127, -50.068501759188266, -33.278232665402896, -45.25664530787555, -52.379307430427545, -42.45162190690882, -50.17152725461133, -43.42669220630884, -46.969985276505874, -43.79761170175628, -44.80384806820236, -45.93313885073219, -45.69020024269083, -47.923453780840994, -41.98908272886064, -38.56039043656483, -42.35076826636958, -42.14424265613339, -45.011967409468035, -43.317492729725544, -44.18860981477325, -42.86089486302464, -51.41052161901803, -44.98924882488392, -35.55774961787816, -42.88705124581448, -51.26415291355625, -41.52280936622561, -50.24322957609384, -41.636545180989614, -53.39059287129162, -40.310948330943276, -40.29070386697743, -44.82772730556164, -46.01468549880546, -46.243377608544684, -39.50830264727918, -45.78378037121005, -42.015330430069746, -39.83034784501499, -41.42171726428857, -43.78830228365713, -44.50258910605009, -40.845601503001824, -39.92307024611366, -47.536316231849206, -37.839562311954964, -39.20784538271646, -41.19371317568216, -46.52184743656068, -45.34561053666403, -48.237625046673735, -42.715551070305146, -43.367814173072894, -49.84057730845029, -48.103474344005605, -43.38667435398704, -37.39408392654797, -46.480641663746596, -40.77574829929908, -43.67384666331925, -45.954393433197055, -43.18813663566961, -39.504974028150635, -40.971727267606056, -46.07654074629247, -39.41881489197822, -41.47742209008146, -46.799582661946715, -42.93309669624069, -50.6262024432324, -44.87932954029624, -42.85854996079204, -47.02466614891044, -38.70741932778898, -40.308915816058764, -46.82902925493239, -38.81321424813798, -39.06838274560251, -39.269933089783606, -45.44945579641074, -47.04640434268588, -43.07260001068521, -45.134245663114754, -48.14579766462801, -45.706228931382185, -48.306202335273255, -39.63756226571714, -39.70319284073718, -42.553592929327195, -41.83658331794191, -42.1895482896714, -42.84138882836206, -42.89811937084346, -50.541906689877145], "timestamps": [1490421043.4413147, 1490421044.3583157, 1490421045.23605, 1490421046.0861647, 1490421046.920256, 1490421047.75432, 1490421048.5881388, 1490421049.422157, 1490421050.2731164, 1490421051.156765, 1490421051.991263, 1490421052.8250666, 1490421053.6589346, 1490421054.4932108, 1490421055.327113, 1490421056.1609101, 1490421056.995346, 1490421057.8295364, 1490421058.663368, 1490421059.4975457, 1490421060.3312325, 1490421061.1650407, 1490421061.9992726, 1490421062.8335178, 1490421063.6674492, 1490421064.5011494, 1490421065.335148, 1490421066.1861198, 1490421067.070282, 1490421067.904267, 1490421068.7384534, 1490421069.5722165, 1490421070.406426, 1490421071.2406094, 1490421072.074549, 1490421072.908115, 1490421073.7424443, 1490421074.576759, 1490421075.410508, 1490421076.24411, 1490421077.078506, 1490421077.9122505, 1490421078.746584, 1490421079.5805407, 1490421080.4144576, 1490421081.2485209, 1490421082.0823548, 1490421082.9163344, 1490421083.7507482, 1490421084.5846431, 1490421085.4190142, 1490421086.2524092, 1490421087.0864446, 1490421087.9208436, 1490421088.7547708, 1490421089.5889392, 1490421090.4229224, 1490421091.2567348, 1490421092.090899, 1490421092.9247084, 1490421093.7586784, 1490421094.5927887, 1490421095.4271524, 1490421096.261106, 1490421097.1119368, 1490421097.9958751, 1490421098.8299844, 1490421099.6635475, 1490421100.497866, 1490421101.3316455, 1490421102.1660392, 1490421103.000057, 1490421103.8343527, 1490421104.668068, 1490421105.502141, 1490421106.33618, 1490421107.1699438, 1490421108.0040815, 1490421108.8380818, 1490421109.6720383, 1490421110.5062103, 1490421111.3399189, 1490421112.1739469, 1490421113.008255, 1490421113.842099, 1490421114.6761074, 1490421115.509918, 1490421116.3440394, 1490421117.1779628, 1490421118.012151, 1490421118.8462245, 1490421119.6801567, 1490421120.5142913, 1490421121.348507, 1490421122.1821797, 1490421123.0165565, 1490421123.8504944, 1490421124.684558, 1490421125.5185027, 1490421126.3527524, 1490421127.1862278], "episode_lengths": [50, 50, 50, 50, 50, 50, 50, 50, 50, 50, 50, 50, 50, 50, 50, 50, 50, 50, 50, 50, 50, 50, 50, 50, 50, 50, 50, 50, 50, 50, 50, 50, 50, 50, 50, 50, 50, 50, 50, 50, 50, 50, 50, 50, 50, 50, 50, 50, 50, 50, 50, 50, 50, 50, 50, 50, 50, 50, 50, 50, 50, 50, 50, 50, 50, 50, 50, 50, 50, 50, 50, 50, 50, 50, 50, 50, 50, 50, 50, 50, 50, 50, 50, 50, 50, 50, 50, 50, 50, 50, 50, 50, 50, 50, 50, 50, 50, 50, 50, 50, 50], "initial_reset_timestamp": 1490421042.601756, "episode_types": ["t", "t", "t", "t", "t", "t", "t", "t", "t", "t", "t", "t", "t", "t", "t", "t", "t", "t", "t", "t", "t", "t", "t", "t", "t", "t", "t", "t", "t", "t", "t", "t", "t", "t", "t", "t", "t", "t", "t", "t", "t", "t", "t", "t", "t", "t", "t", "t", "t", "t", "t", "t", "t", "t", "t", "t", "t", "t", "t", "t", "t", "t", "t", "t", "t", "t", "t", "t", "t", "t", "t", "t", "t", "t", "t", "t", "t", "t", "t", "t", "t", "t", "t", "t", "t", "t", "t", "t", "t", "t", "t", "t", "t", "t", "t", "t", "t", "t", "t", "t", "t"]}