{"timestamps": [1490421140.4041958, 1490421141.3053515, 1490421142.1828227, 1490421143.033428, 1490421143.867151, 1490421144.701213, 1490421145.5348232, 1490421146.368964, 1490421147.2194424, 1490421148.1038382, 1490421148.937888, 1490421149.7721722, 1490421150.6064587, 1490421151.4399543, 1490421152.2739074, 1490421153.1079223, 1490421153.9421272, 1490421154.775694, 1490421155.6098988, 1490421156.4440134, 1490421157.2781272, 1490421158.1119728, 1490421158.9459398, 1490421159.780022, 1490421160.6139877, 1490421161.448125, 1490421162.282406, 1490421163.132923, 1490421164.016651, 1490421164.8506885, 1490421165.6847942, 1490421166.5187604, 1490421167.3531575, 1490421168.1869843, 1490421169.0211072, 1490421169.8552434, 1490421170.6893013, 1490421171.5233097, 1490421172.3569536, 1490421173.1910143, 1490421174.0255306, 1490421174.8589404, 1490421175.6933548, 1490421176.526995, 1490421177.3614156, 1490421178.1955316, 1490421179.0292902, 1490421179.863582, 1490421180.6981719, 1490421181.5316453, 1490421182.3652036, 1490421183.1994903, 1490421184.033819, 1490421184.867498, 1490421185.701759, 1490421186.535639, 1490421187.3696785, 1490421188.2036233, 1490421189.0376108, 1490421189.871477, 1490421190.7055206, 1490421191.5393853, 1490421192.3739004, 1490421193.2080953, 1490421194.0585978, 1490421194.925875, 1490421195.7599735, 1490421196.5936182, 1490421197.4281263, 1490421198.2617652, 1490421199.0958645, 1490421199.930007, 1490421200.7642307, 1490421201.5978558, 1490421202.4318583, 1490421203.2659924, 1490421204.100254, 1490421204.934102, 1490421205.7679076, 1490421206.6022384, 1490421207.436161, 1490421208.2701902, 1490421209.1044605, 1490421209.9381635, 1490421210.7724166, 1490421211.606524, 1490421212.4404836, 1490421213.2741494, 1490421214.1085193, 1490421214.9420526, 1490421215.7760756, 1490421216.6106, 1490421217.4442976, 1490421218.2785566, 1490421219.1124437, 1490421219.9466822, 1490421220.7807114, 1490421221.6148772, 1490421222.4486592, 1490421223.2827983, 1490421224.1166742], "episode_lengths": [50, 50, 50, 50, 50, 50, 50, 50, 50, 50, 50, 50, 50, 50, 50, 50, 50, 50, 50, 50, 50, 50, 50, 50, 50, 50, 50, 50, 50, 50, 50, 50, 50, 50, 50, 50, 50, 50, 50, 50, 50, 50, 50, 50, 50, 50, 50, 50, 50, 50, 50, 50, 50, 50, 50, 50, 50, 50, 50, 50, 50, 50, 50, 50, 50, 50, 50, 50, 50, 50, 50, 50, 50, 50, 50, 50, 50, 50, 50, 50, 50, 50, 50, 50, 50, 50, 50, 50, 50, 50, 50, 50, 50, 50, 50, 50, 50, 50, 50, 50, 50], "episode_types": ["t", "t", "t", "t", "t", "t", "t", "t", "t", "t", "t", "t", "t", "t", "t", "t", "t", "t", "t", "t", "t", "t", "t", "t", "t", "t", "t", "t", "t", "t", "t", "t", "t", "t", "t", "t", "t", "t", "t", "t", "t", "t", "t", "t", "t", "t", "t", "t", "t", "t", "t", "t", "t", "t", "t", "t", "t", "t", "t", "t", "t", "t", "t", "t", "t", "t", "t", "t", "t", "t", "t", "t", "t", "t", "t", "t", "t", "t", "t", "t", "t", "t", "t", "t", "t", "t", "t", "t", "t", "t", "t", "t", "t", "t", "t", "t", "t", "t", "t", "t", "t"], "episode_rewards": [-43.3536063007907, -38.19581339645609, -50.93691134117344, -42.291518071587475, -44.25295873665422, -45.74264159792696, -45.1295425949021, -46.93610666138756, -41.451749957745974, -46.95376599995489, -49.521812902471325, -39.85282161279365, -50.71793534447271, -42.78042681590695, -46.969189062655204, -45.14840530193926, -48.528698364966026, -46.77007037503573, -46.954082155448255, -45.97385351698847, -35.480183194329406, -43.46771768286546, -38.30334885225204, -41.40915788636543, -44.3490296168788, -43.693601193531286, -45.57628795369825, -41.57163386228695, -49.886435878546465, -44.3031946653671, -35.28525497309032, -38.11357280144314, -50.13625699955553, -38.73995665010306, -39.50664724116168, -45.00579097730936, -53.360407257756115, -39.87454819005196, -46.45620576965345, -42.252155221037974, -42.10635421380699, -39.64932095278894, -42.59730408946879, -48.24228692930238, -41.15330609782043, -41.18075458946402, -44.09464582969863, -39.82608918388388, -41.0589707971659, -40.78349643934683, -39.12655035087338, -45.764839944221244, -45.69002706609832, -41.412618723675614, -41.028248038571235, -43.774041892422126, -45.33820624957808, -47.24920795932315, -49.43608821886212, -38.244691702059974, -48.232216664830844, -42.16360813965371, -44.82895621813398, -31.42637026400539, -47.66591612012267, -41.79345274784719, -48.06955246935433, -46.50950442837086, -44.20737840408971, -41.48651145523739, -46.58067236544246, -46.42762242480598, -47.526141212949305, -39.157850191874026, -45.68040410957235, -43.93830029879165, -42.75749521567, -50.23631975640356, -44.551169079970954, -42.39395527318432, -40.07309293364566, -42.211936383751365, -46.79583573718151, -41.76008275959434, -39.970446591657904, -37.23599030484892, -54.04147120002989, -46.87726746799544, -41.270182007825156, -42.789757489398625, -39.68888625048957, -47.461922670326466, -44.73983494632934, -41.89452065723435, -45.96709505845681, -42.96247896793848, -42.28035176946383, -48.43418162678055, -43.79899895822113, -49.884914960162774, -52.49424657232097], "initial_reset_timestamp": 1490421139.5741053}