{"episode_types": ["t", "t", "t", "t", "t", "t", "t", "t", "t", "t", "t", "t", "t", "t", "t", "t", "t", "t", "t", "t", "t", "t", "t", "t", "t", "t", "t", "t", "t", "t", "t", "t", "t", "t", "t", "t", "t", "t", "t", "t", "t", "t", "t", "t", "t", "t", "t", "t", "t", "t", "t", "t", "t", "t", "t", "t", "t", "t", "t", "t", "t", "t", "t", "t", "t", "t", "t", "t", "t", "t", "t", "t", "t", "t", "t", "t", "t", "t", "t", "t", "t", "t", "t", "t", "t", "t", "t", "t", "t", "t", "t", "t", "t", "t", "t", "t", "t", "t", "t", "t", "t"], "episode_lengths": [50, 50, 50, 50, 50, 50, 50, 50, 50, 50, 50, 50, 50, 50, 50, 50, 50, 50, 50, 50, 50, 50, 50, 50, 50, 50, 50, 50, 50, 50, 50, 50, 50, 50, 50, 50, 50, 50, 50, 50, 50, 50, 50, 50, 50, 50, 50, 50, 50, 50, 50, 50, 50, 50, 50, 50, 50, 50, 50, 50, 50, 50, 50, 50, 50, 50, 50, 50, 50, 50, 50, 50, 50, 50, 50, 50, 50, 50, 50, 50, 50, 50, 50, 50, 50, 50, 50, 50, 50, 50, 50, 50, 50, 50, 50, 50, 50, 50, 50, 50, 50], "episode_rewards": [-41.38792058385567, -38.715570523457295, -45.77531184330923, -43.109534714643786, -46.266472480203774, -47.82469527986953, -35.51987137098889, -44.232345104484125, -49.583067096165756, -45.15275438949637, -47.57730388285034, -41.51508433327185, -51.58670350723374, -43.44471607322096, -45.13762410361014, -46.43972006924465, -45.379373747687936, -48.069702780938655, -44.4793094696113, -51.49846646347079, -35.85403227536751, -40.371256283174795, -43.71809877980692, -38.43546005659704, -47.56130607708799, -42.75867601726834, -40.69415562740446, -45.08554382510988, -51.74454922763077, -49.43545002499535, -49.00791458198529, -42.418948428699565, -49.5596837428935, -38.682982021770215, -47.82501103171419, -44.45579531895989, -48.43477717708014, -39.66294744029879, -38.771175948922604, -40.75743246196046, -47.47114349248819, -39.10949780164659, -39.210214508798444, -40.481817559160824, -43.78460522695858, -38.93551145175102, -40.34423564715791, -45.72759280060959, -41.47183115575928, -44.73358445514817, -38.029219555194736, -45.79907203649245, -37.59969656783409, -39.731290426016564, -49.023363105499264, -49.610014177141565, -44.9070548469883, -47.406337030248686, -42.151448887642935, -42.34005337897721, -44.23936565740512, -45.408705126135494, -41.86710156898894, -32.968726046120246, -43.187155917582096, -39.96131906936924, -41.1524765912957, -45.90412589901993, -50.131861735800705, -45.40591812288208, -45.87707792612329, -47.12259411008572, -41.15759776184353, -39.99716818343696, -48.641644031597274, -46.85358129517275, -50.08792697504353, -44.88327679631227, -42.818802650775645, -45.14507739097761, -41.45026814749041, -38.38197228852828, -45.760576123479645, -44.988923348987846, -36.28138705079557, -39.53543420324483, -47.97246364021742, -44.43146812385355, -40.60122615483036, -48.679194269145775, -41.61801093040242, -49.63986877245352, -46.00385650429423, -43.948301455871324, -44.54947404917218, -43.00344622834094, -38.32689594071521, -47.6790373791661, -49.64484585582358, -50.46195099280826, -49.180601342198294], "initial_reset_timestamp": 1490420932.0934732, "timestamps": [1490420932.9327478, 1490420933.8499262, 1490420934.7278028, 1490420935.5789065, 1490420936.4122086, 1490420937.2461007, 1490420938.0802605, 1490420938.9146755, 1490420939.7652214, 1490420940.6490486, 1490420941.4830513, 1490420942.3174236, 1490420943.1514804, 1490420943.985329, 1490420944.8193645, 1490420945.6535237, 1490420946.4873204, 1490420947.3215108, 1490420948.1555924, 1490420948.9894757, 1490420949.8237433, 1490420950.6577203, 1490420951.491711, 1490420952.3253453, 1490420953.15966, 1490420953.993253, 1490420954.8276978, 1490420955.6618898, 1490420956.5457532, 1490420957.3798192, 1490420958.2135248, 1490420959.047426, 1490420959.8815567, 1490420960.7157342, 1490420961.5495915, 1490420962.3837476, 1490420963.217654, 1490420964.051847, 1490420964.8856146, 1490420965.7200856, 1490420966.5536165, 1490420967.3877492, 1490420968.2218451, 1490420969.055957, 1490420969.889928, 1490420970.7242148, 1490420971.5579703, 1490420972.3921874, 1490420973.2262814, 1490420974.0600324, 1490420974.8943856, 1490420975.7279859, 1490420976.5622673, 1490420977.3963034, 1490420978.230322, 1490420979.064271, 1490420979.8982947, 1490420980.7321658, 1490420981.5662425, 1490420982.4004092, 1490420983.2340503, 1490420984.068357, 1490420984.9023874, 1490420985.736406, 1490420986.5868144, 1490420987.470951, 1490420988.3054032, 1490420989.139219, 1490420989.9731693, 1490420990.807246, 1490420991.6410015, 1490420992.475451, 1490420993.3093965, 1490420994.1431131, 1490420994.9773927, 1490420995.8112657, 1490420996.6455252, 1490420997.4793632, 1490420998.313199, 1490420999.1476157, 1490420999.981299, 1490421000.815455, 1490421001.649606, 1490421002.4834862, 1490421003.317919, 1490421004.1516657, 1490421004.9857066, 1490421005.8195417, 1490421006.6536462, 1490421007.4882283, 1490421008.3215032, 1490421009.1558568, 1490421009.9898953, 1490421010.8238766, 1490421011.6575048, 1490421012.491775, 1490421013.3255343, 1490421014.1599207, 1490421014.9938495, 1490421015.828081, 1490421016.6619868]}